Material_Cost,Labor_Cost,Profit_Rate,Discount_or_Markup,Policy_Reason,Total_Estimate
43985,12836,10,1095,Market conditions require competitive pricing for this project.,63598.1
45504,17873,15,-6426,Market conditions require competitive pricing for this project.,66457.55
33656,8401,25,9862,"The client is a repeat customer, deserving a loyalty discount.",62433.25
36509,8523,20,8096,"The client is a repeat customer, deserving a loyalty discount.",62134.4
37372,14123,30,-9598,Strategic importance of this client justifies special pricing.,57345.5
27906,28796,25,2549,"The client is a repeat customer, deserving a loyalty discount.",73426.5
26951,21899,25,444,Strategic importance of this client justifies special pricing.,61506.5
25365,21873,15,9265,Market conditions require competitive pricing for this project.,63588.7
41029,23605,20,7577,"This project includes additional risks, necessitating higher markup.",85137.8
25123,21316,20,7303,Strategic importance of this client justifies special pricing.,63029.8
20945,25877,10,-3145,"The client is a repeat customer, deserving a loyalty discount.",48359.2
37157,20585,10,4832,Strategic importance of this client justifies special pricing.,68348.2
31870,21905,20,-9936,Market conditions require competitive pricing for this project.,54594.0
10431,13808,10,-4970,This client is new but has potential for growth.,21692.9
21361,9585,25,1974,"This project includes additional risks, necessitating higher markup.",40656.5
19658,27182,25,1030,"The client is a repeat customer, deserving a loyalty discount.",59580.0
46223,22701,10,-3047,"The client is a repeat customer, deserving a loyalty discount.",72769.4
39571,19866,20,2399,"The client is a repeat customer, deserving a loyalty discount.",73723.4
20864,17154,30,5847,"The client is a repeat customer, deserving a loyalty discount.",55270.4
31439,22866,25,9605,Strategic importance of this client justifies special pricing.,77486.25
18044,26737,20,-8083,Strategic importance of this client justifies special pricing.,45654.2
39462,23512,30,-1582,Strategic importance of this client justifies special pricing.,80284.2
47605,28582,30,7044,Market conditions require competitive pricing for this project.,106087.1
35246,10540,30,711,Market conditions require competitive pricing for this project.,60232.8
42203,19813,15,9363,"The client is a repeat customer, deserving a loyalty discount.",80681.4
48111,13085,20,-2839,"This project includes additional risks, necessitating higher markup.",70596.2
37369,25197,25,2,This client is new but has potential for growth.,78209.5
36751,16230,15,-7300,Market conditions require competitive pricing for this project.,53628.15
33545,29189,10,2433,Market conditions require competitive pricing for this project.,71440.4
25869,5488,15,-1224,"This project includes additional risks, necessitating higher markup.",34836.55
41418,16604,20,-8227,"This project includes additional risks, necessitating higher markup.",61399.4
43478,5912,20,8488,This client is new but has potential for growth.,67756.0
22457,20356,10,-8204,This client is new but has potential for growth.,38890.3
21028,10344,25,-2670,Strategic importance of this client justifies special pricing.,36545.0
13155,29884,15,-6173,Strategic importance of this client justifies special pricing.,43321.85
24308,23049,15,3962,"The client is a repeat customer, deserving a loyalty discount.",58422.55
49373,26883,20,1378,"The client is a repeat customer, deserving a loyalty discount.",92885.2
26719,5331,15,-8687,This client is new but has potential for growth.,28170.5
11938,18803,30,-1316,Strategic importance of this client justifies special pricing.,38647.3
11697,22719,30,308,"This project includes additional risks, necessitating higher markup.",45048.8
14507,18946,30,-3605,Strategic importance of this client justifies special pricing.,39883.9
12509,22525,15,-4953,This client is new but has potential for growth.,35336.1
26592,17348,25,-6551,Market conditions require competitive pricing for this project.,48374.0
33267,14536,15,-766,Market conditions require competitive pricing for this project.,54207.45
24871,17250,20,5372,Strategic importance of this client justifies special pricing.,55917.2
20070,13740,10,7785,Market conditions require competitive pricing for this project.,44976.0
47266,13665,10,-2957,Strategic importance of this client justifies special pricing.,64067.1
16236,14854,10,-8009,Market conditions require competitive pricing for this project.,26190.0
27684,10017,15,9178,Market conditions require competitive pricing for this project.,52534.15
28804,28998,30,-6712,"This project includes additional risks, necessitating higher markup.",68430.6
40588,29341,10,8347,Market conditions require competitive pricing for this project.,85268.9
27558,19055,25,-8696,Strategic importance of this client justifies special pricing.,49570.25
47741,6625,25,3342,"This project includes additional risks, necessitating higher markup.",71299.5
37131,19987,20,5484,"This project includes additional risks, necessitating higher markup.",74025.6
22433,23154,25,-1585,"The client is a repeat customer, deserving a loyalty discount.",55398.75
22561,20843,30,-9885,"The client is a repeat customer, deserving a loyalty discount.",46540.2
30447,19815,30,-3880,Strategic importance of this client justifies special pricing.,61460.6
38156,7020,25,8411,Strategic importance of this client justifies special pricing.,64881.0
17662,27155,15,-3315,Strategic importance of this client justifies special pricing.,48224.55
24129,16115,20,-1771,"The client is a repeat customer, deserving a loyalty discount.",46521.8
13093,25745,20,4422,Strategic importance of this client justifies special pricing.,51027.6
13932,6027,10,936,Strategic importance of this client justifies special pricing.,22890.9
14794,12454,15,9896,Market conditions require competitive pricing for this project.,41231.2
16878,22871,30,1971,This client is new but has potential for growth.,53644.7
12129,7978,15,5647,Market conditions require competitive pricing for this project.,28770.05
26458,19630,15,-1773,Market conditions require competitive pricing for this project.,51228.2
33685,12808,15,-1604,"The client is a repeat customer, deserving a loyalty discount.",51862.95
15880,13796,10,-8944,Market conditions require competitive pricing for this project.,23699.6
36310,24846,20,-4263,Strategic importance of this client justifies special pricing.,69124.2
24840,15112,10,-4317,Strategic importance of this client justifies special pricing.,39630.2
21201,24571,25,-6140,This client is new but has potential for growth.,51075.0
45147,18309,20,-7740,"The client is a repeat customer, deserving a loyalty discount.",68407.2
31454,9538,30,2536,This client is new but has potential for growth.,55825.6
46702,17663,10,-1741,"The client is a repeat customer, deserving a loyalty discount.",69060.5
33526,12402,15,5332,"This project includes additional risks, necessitating higher markup.",58149.2
43640,15138,25,-1422,"The client is a repeat customer, deserving a loyalty discount.",72050.5
45150,25293,15,4637,"The client is a repeat customer, deserving a loyalty discount.",85646.45
36920,8440,30,3701,"This project includes additional risks, necessitating higher markup.",62669.0
20334,6764,20,-201,Strategic importance of this client justifies special pricing.,32316.6
20588,12699,15,6078,Market conditions require competitive pricing for this project.,44358.05
35065,15195,20,9681,"The client is a repeat customer, deserving a loyalty discount.",69993.0
42441,24652,10,-9240,"This project includes additional risks, necessitating higher markup.",64562.3
25736,26435,30,-2171,Strategic importance of this client justifies special pricing.,65651.3
42420,29541,30,-7087,Strategic importance of this client justifies special pricing.,86462.3
45867,23771,25,6001,This client is new but has potential for growth.,93048.5
42973,23157,20,5884,Market conditions require competitive pricing for this project.,85240.0
30602,6770,25,-5827,"This project includes additional risks, necessitating higher markup.",40888.0
34923,16741,10,3426,"The client is a repeat customer, deserving a loyalty discount.",60256.4
26990,8383,20,-1009,"This project includes additional risks, necessitating higher markup.",41438.6
16604,5251,10,5969,"The client is a repeat customer, deserving a loyalty discount.",30009.5
14761,17209,10,3953,This client is new but has potential for growth.,39120.0
32215,14519,25,6261,This client is new but has potential for growth.,64678.5
10250,26135,20,1310,"The client is a repeat customer, deserving a loyalty discount.",44972.0
10632,29689,10,6693,"This project includes additional risks, necessitating higher markup.",51046.1
20623,21988,30,-6742,This client is new but has potential for growth.,48652.3
35266,13056,20,5823,Market conditions require competitive pricing for this project.,63809.4
19779,20009,30,-7327,"This project includes additional risks, necessitating higher markup.",44397.4
41913,14783,30,206,This client is new but has potential for growth.,73910.8
25950,6457,10,-3176,Market conditions require competitive pricing for this project.,32471.7
32689,29923,25,-3301,Market conditions require competitive pricing for this project.,74964.0
18864,15430,30,-5258,This client is new but has potential for growth.,39324.2
41699,7482,20,-2257,"The client is a repeat customer, deserving a loyalty discount.",56760.2
48137,9491,25,-6967,Market conditions require competitive pricing for this project.,65068.0
26249,25277,30,5361,Strategic importance of this client justifies special pricing.,72344.8
14466,11387,25,5383,This client is new but has potential for growth.,37699.25
26630,19940,20,2737,"The client is a repeat customer, deserving a loyalty discount.",58621.0
44769,22912,10,-7832,"The client is a repeat customer, deserving a loyalty discount.",66617.1
28532,24619,15,1831,"The client is a repeat customer, deserving a loyalty discount.",62954.65
46086,9105,25,5777,This client is new but has potential for growth.,74765.75
37393,5098,25,9333,Market conditions require competitive pricing for this project.,62446.75
35440,10160,10,2061,"This project includes additional risks, necessitating higher markup.",52221.0
28085,21650,30,9195,"The client is a repeat customer, deserving a loyalty discount.",73850.5
24800,20277,20,1674,"This project includes additional risks, necessitating higher markup.",55766.4
41271,23478,20,4907,Market conditions require competitive pricing for this project.,82605.8
18671,18398,20,-9427,"The client is a repeat customer, deserving a loyalty discount.",35055.8
40275,25855,30,-9283,"This project includes additional risks, necessitating higher markup.",76686.0
33949,14126,10,-8356,This client is new but has potential for growth.,44526.5
49032,24026,10,2380,"The client is a repeat customer, deserving a loyalty discount.",82743.8
32285,16250,30,-9378,"This project includes additional risks, necessitating higher markup.",53717.5
43805,18418,10,8046,Strategic importance of this client justifies special pricing.,76491.3
47145,8517,10,6836,This client is new but has potential for growth.,68064.2
20553,9928,10,-896,This client is new but has potential for growth.,32633.1
43268,13383,25,7008,"This project includes additional risks, necessitating higher markup.",77821.75
38790,28160,25,2905,"This project includes additional risks, necessitating higher markup.",86592.5
15809,28994,15,785,Strategic importance of this client justifies special pricing.,52308.45
19684,21324,30,-5678,"The client is a repeat customer, deserving a loyalty discount.",47632.4
28660,17817,15,-6612,Market conditions require competitive pricing for this project.,46836.55
45464,29291,10,9556,Strategic importance of this client justifies special pricing.,91786.5
42393,21849,10,3916,Strategic importance of this client justifies special pricing.,74582.2
13352,27475,20,-6240,This client is new but has potential for growth.,42752.4
19644,20742,15,9409,Market conditions require competitive pricing for this project.,55852.9
23859,8771,25,4051,Strategic importance of this client justifies special pricing.,44838.5
29203,28947,20,-4585,"This project includes additional risks, necessitating higher markup.",65195.0
45570,25243,30,7039,"This project includes additional risks, necessitating higher markup.",99095.9
12622,5810,15,5296,"This project includes additional risks, necessitating higher markup.",26492.8
35586,29333,20,1223,"The client is a repeat customer, deserving a loyalty discount.",79125.8
35046,9038,15,6539,Strategic importance of this client justifies special pricing.,57235.6
21449,5275,15,-4433,This client is new but has potential for growth.,26299.6
31673,9877,15,4978,This client is new but has potential for growth.,52760.5
37586,18535,20,-3365,This client is new but has potential for growth.,63980.2
41133,28520,30,1046,Market conditions require competitive pricing for this project.,91594.9
27879,5997,10,416,Market conditions require competitive pricing for this project.,37679.6
41574,23728,30,996,"This project includes additional risks, necessitating higher markup.",85888.6
44271,19697,25,3994,Market conditions require competitive pricing for this project.,83954.0
20626,5067,10,1878,Strategic importance of this client justifies special pricing.,30140.3
23654,25922,15,4799,Market conditions require competitive pricing for this project.,61811.4
18436,15854,25,-2698,"The client is a repeat customer, deserving a loyalty discount.",40164.5
28117,13267,30,-504,This client is new but has potential for growth.,53295.2
33930,24531,20,3581,This client is new but has potential for growth.,73734.2
46497,16636,10,8315,"This project includes additional risks, necessitating higher markup.",77761.3
17411,11767,30,-2927,Market conditions require competitive pricing for this project.,35004.4
15209,26604,10,-5234,Market conditions require competitive pricing for this project.,40760.3
13284,24698,20,-356,Market conditions require competitive pricing for this project.,45222.4
41811,10220,15,8608,This client is new but has potential for growth.,68443.65
44616,18815,25,3475,"The client is a repeat customer, deserving a loyalty discount.",82763.75
39330,9039,15,-5839,Strategic importance of this client justifies special pricing.,49785.35
48831,8690,30,-9208,"This project includes additional risks, necessitating higher markup.",65569.3
40053,15020,30,-2041,This client is new but has potential for growth.,69553.9
18472,28745,25,-8359,Strategic importance of this client justifies special pricing.,50662.25
35117,28570,15,8528,This client is new but has potential for growth.,81768.05
43499,12126,25,-4008,This client is new but has potential for growth.,65523.25
23910,26970,15,-1208,Market conditions require competitive pricing for this project.,57304.0
40776,12426,20,-7098,"The client is a repeat customer, deserving a loyalty discount.",56744.4
41737,24046,25,-7579,"The client is a repeat customer, deserving a loyalty discount.",74649.75
34623,19555,15,-9957,Market conditions require competitive pricing for this project.,52347.7
15205,7334,30,-1762,"The client is a repeat customer, deserving a loyalty discount.",27538.7
38335,26949,10,-7136,"This project includes additional risks, necessitating higher markup.",64676.4
37379,14805,15,8279,"The client is a repeat customer, deserving a loyalty discount.",68290.6
15393,28255,15,6915,Market conditions require competitive pricing for this project.,57110.2
33201,21609,20,-7780,Market conditions require competitive pricing for this project.,57992.0
16382,27880,15,-3056,Strategic importance of this client justifies special pricing.,47845.3
45641,24164,10,1131,Strategic importance of this client justifies special pricing.,77916.5
26731,19076,15,-4283,Market conditions require competitive pricing for this project.,48395.05
16947,8391,10,-695,"This project includes additional risks, necessitating higher markup.",27176.8
33458,16678,20,5044,"This project includes additional risks, necessitating higher markup.",65207.2
28531,15520,15,541,"This project includes additional risks, necessitating higher markup.",51199.65
32260,9967,25,1416,Strategic importance of this client justifies special pricing.,54199.75
37451,26225,10,9245,"This project includes additional risks, necessitating higher markup.",79288.6
40398,26042,15,-1259,"This project includes additional risks, necessitating higher markup.",75147.0
23534,24839,15,-139,Market conditions require competitive pricing for this project.,55489.95
44541,14874,20,4445,Strategic importance of this client justifies special pricing.,75743.0
11449,9797,25,-2994,"The client is a repeat customer, deserving a loyalty discount.",23563.5
12257,22112,25,4454,Market conditions require competitive pricing for this project.,47415.25
11348,12530,20,1818,Strategic importance of this client justifies special pricing.,30471.6
22546,13414,20,1420,Strategic importance of this client justifies special pricing.,44572.0
10687,25786,15,-8946,"The client is a repeat customer, deserving a loyalty discount.",32997.95
20909,22783,15,2136,"This project includes additional risks, necessitating higher markup.",52381.8
21967,23440,10,2968,"The client is a repeat customer, deserving a loyalty discount.",52915.7
48131,17663,20,4349,"This project includes additional risks, necessitating higher markup.",83301.8
24639,21052,30,-4185,"This project includes additional risks, necessitating higher markup.",55213.3
15115,9922,10,-3973,"The client is a repeat customer, deserving a loyalty discount.",23567.7
11787,21339,15,99,"The client is a repeat customer, deserving a loyalty discount.",38193.9
32940,13952,15,-1124,Market conditions require competitive pricing for this project.,52801.8
34148,5309,30,1111,Strategic importance of this client justifies special pricing.,52405.1
12885,25159,30,-7580,Market conditions require competitive pricing for this project.,41877.2
38806,16270,20,5085,This client is new but has potential for growth.,71176.2
16816,18434,10,7906,Strategic importance of this client justifies special pricing.,46681.0
47652,17340,25,-8330,"The client is a repeat customer, deserving a loyalty discount.",72910.0
30048,18517,10,5827,Strategic importance of this client justifies special pricing.,59248.5
23815,20940,10,-7637,"The client is a repeat customer, deserving a loyalty discount.",41593.5
16223,10579,10,5604,"The client is a repeat customer, deserving a loyalty discount.",35086.2
11392,5447,15,6098,"The client is a repeat customer, deserving a loyalty discount.",25462.85
30973,11926,15,6274,This client is new but has potential for growth.,55607.85
10804,16030,10,5810,"This project includes additional risks, necessitating higher markup.",35327.4
17416,21739,30,-9577,This client is new but has potential for growth.,41324.5
28838,16882,30,-123,Strategic importance of this client justifies special pricing.,59313.0
18668,15151,20,-4993,Strategic importance of this client justifies special pricing.,35589.8
35121,12734,25,-2299,This client is new but has potential for growth.,57519.75
25507,18557,30,3594,"This project includes additional risks, necessitating higher markup.",60877.2
29999,13338,25,4178,Market conditions require competitive pricing for this project.,58349.25
25953,8116,25,-6114,"This project includes additional risks, necessitating higher markup.",36472.25
28181,18336,30,-2637,This client is new but has potential for growth.,57835.1
46141,25705,20,6976,Market conditions require competitive pricing for this project.,93191.2
18564,14057,25,-746,Market conditions require competitive pricing for this project.,40030.25
22972,26956,20,6936,Market conditions require competitive pricing for this project.,66849.6
38748,29904,20,-6802,"This project includes additional risks, necessitating higher markup.",75580.4
29832,22830,20,-9230,"This project includes additional risks, necessitating higher markup.",53964.4
42137,12349,25,2570,"This project includes additional risks, necessitating higher markup.",70677.5
47702,21723,10,6641,"The client is a repeat customer, deserving a loyalty discount.",83008.5
31171,7515,25,-1430,"This project includes additional risks, necessitating higher markup.",46927.5
20231,6379,20,-5985,Strategic importance of this client justifies special pricing.,25947.0
49309,5844,10,-3589,Strategic importance of this client justifies special pricing.,57079.3
45388,28990,10,57,Strategic importance of this client justifies special pricing.,81872.8
34072,18801,10,6520,Strategic importance of this client justifies special pricing.,64680.3
41478,28373,30,923,Strategic importance of this client justifies special pricing.,91729.3
20649,7892,20,-1991,Strategic importance of this client justifies special pricing.,32258.2
10059,21508,25,9220,"This project includes additional risks, necessitating higher markup.",48678.75
31807,16167,15,39,"The client is a repeat customer, deserving a loyalty discount.",55209.1
15136,13524,15,7106,"This project includes additional risks, necessitating higher markup.",40065.0
26041,6857,20,2305,Strategic importance of this client justifies special pricing.,41782.6
18112,29528,15,-4807,"This project includes additional risks, necessitating higher markup.",49979.0
47649,16990,25,9065,Market conditions require competitive pricing for this project.,89863.75
37831,23110,10,-7215,Market conditions require competitive pricing for this project.,59820.1
21104,23996,30,3477,Strategic importance of this client justifies special pricing.,62107.0
12049,9142,10,4629,"The client is a repeat customer, deserving a loyalty discount.",27939.1
31155,12999,10,3677,"This project includes additional risks, necessitating higher markup.",52246.4
23233,14214,20,-6150,Strategic importance of this client justifies special pricing.,38786.4
25879,26924,25,3530,Market conditions require competitive pricing for this project.,69533.75
27581,16598,30,-8326,Strategic importance of this client justifies special pricing.,49106.7
11485,14278,15,-1090,"This project includes additional risks, necessitating higher markup.",28537.45
43910,25373,15,7546,Strategic importance of this client justifies special pricing.,87221.45
34699,13633,20,-7396,"The client is a repeat customer, deserving a loyalty discount.",50602.4
46293,9564,30,7522,Strategic importance of this client justifies special pricing.,80136.1
10394,29045,20,1406,This client is new but has potential for growth.,48732.8
43614,21781,15,-1993,Market conditions require competitive pricing for this project.,73211.25
10399,25564,10,-4178,Market conditions require competitive pricing for this project.,35381.3
11027,5477,25,-6272,"The client is a repeat customer, deserving a loyalty discount.",14358.0
20688,18670,10,-2265,Market conditions require competitive pricing for this project.,41028.8
46245,18085,10,-8494,"This project includes additional risks, necessitating higher markup.",62269.0
25419,24569,15,1623,This client is new but has potential for growth.,59109.2
38017,29405,10,-2674,"This project includes additional risks, necessitating higher markup.",71490.2
14082,17811,25,3422,Strategic importance of this client justifies special pricing.,43288.25
47661,21616,15,-2236,"This project includes additional risks, necessitating higher markup.",77432.55
10553,16716,30,7031,"The client is a repeat customer, deserving a loyalty discount.",42480.7
33550,23028,30,2339,"This project includes additional risks, necessitating higher markup.",75890.4
35774,26830,15,-4858,"This project includes additional risks, necessitating higher markup.",67136.6
49691,28396,20,2562,"The client is a repeat customer, deserving a loyalty discount.",96266.4
47000,17219,20,3378,"The client is a repeat customer, deserving a loyalty discount.",80440.8
22645,22341,20,-5591,Strategic importance of this client justifies special pricing.,48392.2
27928,7361,15,-3328,"This project includes additional risks, necessitating higher markup.",37254.35
20504,19390,20,-1126,"The client is a repeat customer, deserving a loyalty discount.",46746.8
17038,25316,15,4290,Strategic importance of this client justifies special pricing.,52997.1
10518,11777,25,4408,"The client is a repeat customer, deserving a loyalty discount.",32276.75
27894,21658,15,-167,"This project includes additional risks, necessitating higher markup.",56817.8
31901,24103,30,-9385,This client is new but has potential for growth.,63420.2
27016,28252,25,-565,Strategic importance of this client justifies special pricing.,68520.0
18454,15867,20,-1747,"The client is a repeat customer, deserving a loyalty discount.",39438.2
15442,7987,25,3346,This client is new but has potential for growth.,32632.25
26568,19106,25,-2189,"The client is a repeat customer, deserving a loyalty discount.",54903.5
42795,8661,20,8753,Strategic importance of this client justifies special pricing.,70500.2
26827,27989,20,7511,Strategic importance of this client justifies special pricing.,73290.2
36132,20139,30,8583,Market conditions require competitive pricing for this project.,81735.3
48895,5553,20,-2203,Strategic importance of this client justifies special pricing.,63134.6
23436,17398,15,1714,"This project includes additional risks, necessitating higher markup.",48673.1
32953,8872,10,3577,"This project includes additional risks, necessitating higher markup.",49584.5
26049,24565,30,3680,Market conditions require competitive pricing for this project.,69478.2
46912,27660,15,2310,This client is new but has potential for growth.,88067.8
33129,7361,25,8621,Strategic importance of this client justifies special pricing.,59233.5
11345,21946,30,241,Strategic importance of this client justifies special pricing.,43519.3
39351,28770,30,3354,This client is new but has potential for growth.,91911.3
23664,25400,20,-6153,Strategic importance of this client justifies special pricing.,52723.8
11575,19694,15,2645,Strategic importance of this client justifies special pricing.,38604.35
41880,13638,15,8345,Market conditions require competitive pricing for this project.,72190.7
39038,27858,15,-7394,This client is new but has potential for growth.,69536.4
41137,18440,30,-3003,"This project includes additional risks, necessitating higher markup.",74447.1
11958,6078,20,6812,Market conditions require competitive pricing for this project.,28455.2
48363,7604,30,9438,Market conditions require competitive pricing for this project.,82195.1
17829,19520,15,-6993,This client is new but has potential for growth.,35958.35
44678,21959,15,9894,"The client is a repeat customer, deserving a loyalty discount.",86526.55
23854,23241,25,2093,Strategic importance of this client justifies special pricing.,60961.75
39047,16814,20,-8367,"This project includes additional risks, necessitating higher markup.",58666.2
31904,21075,20,8348,This client is new but has potential for growth.,71922.8
29939,10994,25,8789,This client is new but has potential for growth.,59955.25
49445,21051,30,9093,Market conditions require competitive pricing for this project.,100737.8
23159,25981,15,-5250,Strategic importance of this client justifies special pricing.,51261.0
14453,9681,30,-4417,Market conditions require competitive pricing for this project.,26957.2
14901,24670,20,6747,This client is new but has potential for growth.,54232.2
26577,15037,25,-216,"This project includes additional risks, necessitating higher markup.",51801.5
19175,28091,30,-5415,"This project includes additional risks, necessitating higher markup.",56030.8
24582,9919,15,3406,"This project includes additional risks, necessitating higher markup.",43082.15
27326,23502,30,4560,"The client is a repeat customer, deserving a loyalty discount.",70636.4
22656,29177,30,-6323,Strategic importance of this client justifies special pricing.,61059.9
35343,25809,15,58,Strategic importance of this client justifies special pricing.,70382.8
11083,27630,15,5511,"This project includes additional risks, necessitating higher markup.",50030.95
20536,11780,30,-794,"The client is a repeat customer, deserving a loyalty discount.",41216.8
14903,11060,25,-4513,Strategic importance of this client justifies special pricing.,27940.75
41373,24298,30,5840,"This project includes additional risks, necessitating higher markup.",91212.3
26695,18054,15,5902,Market conditions require competitive pricing for this project.,57363.35
43834,28585,15,1304,"This project includes additional risks, necessitating higher markup.",84585.85
21010,20882,30,-9604,This client is new but has potential for growth.,44855.6
30000,26128,30,-3536,"The client is a repeat customer, deserving a loyalty discount.",69430.4
19587,17562,10,3209,"The client is a repeat customer, deserving a loyalty discount.",44072.9
10070,15015,20,-6900,This client is new but has potential for growth.,23202.0
30124,6411,25,5272,This client is new but has potential for growth.,50940.75
36746,29741,15,-6248,Strategic importance of this client justifies special pricing.,70212.05
25010,29427,10,-1317,"This project includes additional risks, necessitating higher markup.",58563.7
18250,6927,20,8149,Strategic importance of this client justifies special pricing.,38361.4
17254,19014,25,6001,Market conditions require competitive pricing for this project.,51336.0
20722,10831,30,640,Strategic importance of this client justifies special pricing.,41658.9
40186,8454,20,1343,"This project includes additional risks, necessitating higher markup.",59711.0
18795,21427,25,-4158,Strategic importance of this client justifies special pricing.,46119.5
41844,6250,30,-255,"This project includes additional risks, necessitating higher markup.",62267.2
25841,5676,10,7664,"The client is a repeat customer, deserving a loyalty discount.",42332.7
38961,24655,20,-550,"This project includes additional risks, necessitating higher markup.",75789.2
36888,24145,30,4579,"This project includes additional risks, necessitating higher markup.",83921.9
40320,23778,25,4813,This client is new but has potential for growth.,84935.5
22078,17869,20,-2328,"This project includes additional risks, necessitating higher markup.",45608.4
42417,23610,10,-1863,Strategic importance of this client justifies special pricing.,70766.7
31832,18088,10,-6224,This client is new but has potential for growth.,48688.0
23681,14894,30,-526,"The client is a repeat customer, deserving a loyalty discount.",49621.5
36296,19044,30,-9412,Strategic importance of this client justifies special pricing.,62530.0
27091,18873,15,-3221,"This project includes additional risks, necessitating higher markup.",49637.6
22741,21833,20,-2887,"The client is a repeat customer, deserving a loyalty discount.",50601.8
38791,24140,30,-8457,This client is new but has potential for growth.,73353.3
34877,19578,15,-2002,Strategic importance of this client justifies special pricing.,60621.25
22432,8580,25,7213,Market conditions require competitive pricing for this project.,45978.0
35949,13424,15,7415,Market conditions require competitive pricing for this project.,64193.95
24230,17906,20,8179,This client is new but has potential for growth.,58742.2
38829,21387,30,7271,"The client is a repeat customer, deserving a loyalty discount.",85551.8
40559,10682,30,1618,Market conditions require competitive pricing for this project.,68231.3
18832,13013,10,-3030,Strategic importance of this client justifies special pricing.,31999.5
40277,23489,25,-870,"This project includes additional risks, necessitating higher markup.",78837.5
35663,7389,25,-7799,Strategic importance of this client justifies special pricing.,46016.0
15583,24152,30,5477,"This project includes additional risks, necessitating higher markup.",57132.5
19262,12852,30,-2295,Market conditions require competitive pricing for this project.,39453.2
30010,15825,30,7571,Market conditions require competitive pricing for this project.,67156.5
28137,10226,10,-579,This client is new but has potential for growth.,41620.3
29135,14026,15,4126,This client is new but has potential for growth.,53761.15
42048,21637,10,-6924,Market conditions require competitive pricing for this project.,63129.5
29716,21035,10,5010,"This project includes additional risks, necessitating higher markup.",60836.1
29751,6122,10,6051,"The client is a repeat customer, deserving a loyalty discount.",45511.3
39038,9630,10,-1561,"This project includes additional risks, necessitating higher markup.",51973.8
28055,14206,10,-2117,This client is new but has potential for growth.,44370.1
36972,7095,20,-8966,This client is new but has potential for growth.,43914.4
38940,14997,20,-5406,Market conditions require competitive pricing for this project.,59318.4
20965,27987,30,3573,"This project includes additional risks, necessitating higher markup.",67210.6
39530,19872,10,-2050,"The client is a repeat customer, deserving a loyalty discount.",63292.2
42562,14732,20,-743,Market conditions require competitive pricing for this project.,68009.8
31750,10530,20,-2656,"The client is a repeat customer, deserving a loyalty discount.",48080.0
11422,6455,15,6142,This client is new but has potential for growth.,26700.55
19510,8185,20,640,This client is new but has potential for growth.,33874.0
16162,8783,25,-2471,Market conditions require competitive pricing for this project.,28710.25
39661,15160,10,2523,"The client is a repeat customer, deserving a loyalty discount.",62826.1
35123,8675,30,-853,"This project includes additional risks, necessitating higher markup.",56084.4
49830,22641,25,-6411,"The client is a repeat customer, deserving a loyalty discount.",84177.75
22486,18724,25,8506,This client is new but has potential for growth.,60018.5
23998,17069,10,7349,"This project includes additional risks, necessitating higher markup.",52522.7
20173,12587,10,1893,"This project includes additional risks, necessitating higher markup.",37929.0
40927,18596,25,-9088,Market conditions require competitive pricing for this project.,65315.75
27225,10826,15,2122,"This project includes additional risks, necessitating higher markup.",45880.65
33728,15380,20,-3357,Strategic importance of this client justifies special pricing.,55572.6
21087,28461,25,6589,Strategic importance of this client justifies special pricing.,68524.0
27402,25748,10,1669,This client is new but has potential for growth.,60134.0
11939,23611,15,-4923,"This project includes additional risks, necessitating higher markup.",35959.5
24398,26602,15,-5868,This client is new but has potential for growth.,52782.0
24384,7924,10,2549,Market conditions require competitive pricing for this project.,38087.8
35790,21200,25,8302,Market conditions require competitive pricing for this project.,79539.5
11864,7429,15,-5650,Market conditions require competitive pricing for this project.,16536.95
26758,16540,30,4919,This client is new but has potential for growth.,61206.4
29368,29228,15,-1656,Market conditions require competitive pricing for this project.,65729.4
16003,21710,30,-8854,Strategic importance of this client justifies special pricing.,40172.9
27021,8852,30,-1011,"This project includes additional risks, necessitating higher markup.",45623.9
25337,7998,30,-1887,This client is new but has potential for growth.,41448.5
22648,5757,15,-8820,"The client is a repeat customer, deserving a loyalty discount.",23845.75
49870,15939,15,-4309,Strategic importance of this client justifies special pricing.,71371.35
42416,17576,25,1957,This client is new but has potential for growth.,76947.0
21156,9595,15,-2328,Strategic importance of this client justifies special pricing.,33035.65
25800,25321,10,-6573,"This project includes additional risks, necessitating higher markup.",49660.1
40475,11232,25,-6311,Strategic importance of this client justifies special pricing.,58322.75
47934,22186,10,6853,Strategic importance of this client justifies special pricing.,83985.0
37080,19802,30,-5936,Strategic importance of this client justifies special pricing.,68010.6
18983,12393,10,2971,This client is new but has potential for growth.,37484.6
49313,29573,25,-9899,Strategic importance of this client justifies special pricing.,88708.5
19208,23178,30,5386,"The client is a repeat customer, deserving a loyalty discount.",60487.8
14713,9214,25,-2590,Strategic importance of this client justifies special pricing.,27318.75
13208,22254,20,-9460,"This project includes additional risks, necessitating higher markup.",33094.4
36322,13549,20,-2661,"This project includes additional risks, necessitating higher markup.",57184.2
47260,16628,30,9194,Market conditions require competitive pricing for this project.,92248.4
37247,5378,15,-3134,"This project includes additional risks, necessitating higher markup.",45884.75
15011,23035,15,-9420,Strategic importance of this client justifies special pricing.,34332.9
36480,13821,10,-3620,This client is new but has potential for growth.,51711.1
10240,18411,25,8652,"The client is a repeat customer, deserving a loyalty discount.",44465.75
36593,13638,20,-9770,Market conditions require competitive pricing for this project.,50507.2
16041,28245,10,4714,Strategic importance of this client justifies special pricing.,53428.6
22021,28626,30,-5504,Market conditions require competitive pricing for this project.,60337.1
25724,9345,25,-9972,"This project includes additional risks, necessitating higher markup.",33864.25
32202,12651,30,3165,"This project includes additional risks, necessitating higher markup.",61473.9
22567,13745,25,5091,This client is new but has potential for growth.,50481.0
24206,15032,25,-9415,"The client is a repeat customer, deserving a loyalty discount.",39632.5
30517,19462,30,1285,This client is new but has potential for growth.,66257.7
11534,6368,30,987,This client is new but has potential for growth.,24259.6
48732,19659,25,7500,Market conditions require competitive pricing for this project.,92988.75
29607,11780,15,5198,"This project includes additional risks, necessitating higher markup.",52793.05
32573,15069,15,4453,"This project includes additional risks, necessitating higher markup.",59241.3
14767,21877,15,6780,This client is new but has potential for growth.,48920.6
31210,12309,30,5675,"This project includes additional risks, necessitating higher markup.",62249.7
30906,9670,10,2827,"This project includes additional risks, necessitating higher markup.",47460.6
17641,10586,10,-168,"This project includes additional risks, necessitating higher markup.",30881.7
38056,18606,15,6347,Market conditions require competitive pricing for this project.,71508.3
24258,15982,30,8894,"The client is a repeat customer, deserving a loyalty discount.",61206.0
23924,20908,30,-4657,"This project includes additional risks, necessitating higher markup.",53624.6
28282,11367,30,-3376,This client is new but has potential for growth.,48167.7
44712,10807,10,4281,"This project includes additional risks, necessitating higher markup.",65351.9
47087,25648,15,-8629,Strategic importance of this client justifies special pricing.,75016.25
18880,7076,20,9652,"This project includes additional risks, necessitating higher markup.",40799.2
39147,29509,20,-3579,This client is new but has potential for growth.,78808.2
32966,8482,30,-456,"The client is a repeat customer, deserving a loyalty discount.",53426.4
12375,7735,20,-8268,"This project includes additional risks, necessitating higher markup.",15864.0
28194,26771,30,-3860,This client is new but has potential for growth.,67594.5
10803,6950,30,5418,Market conditions require competitive pricing for this project.,28496.9
13772,13597,20,5517,This client is new but has potential for growth.,38359.8
23675,17944,25,9510,This client is new but has potential for growth.,61533.75
18129,9581,20,-3502,"This project includes additional risks, necessitating higher markup.",29750.0
34459,15642,10,-3503,This client is new but has potential for growth.,51608.1
45268,13483,10,-1851,"This project includes additional risks, necessitating higher markup.",62775.1
40112,21271,20,-8220,Strategic importance of this client justifies special pricing.,65439.6
31666,20384,15,2257,"This project includes additional risks, necessitating higher markup.",62114.5
45530,20635,10,-3488,"This project includes additional risks, necessitating higher markup.",69293.5
38520,9617,15,-9254,This client is new but has potential for growth.,46103.55
15411,16917,20,1659,"The client is a repeat customer, deserving a loyalty discount.",40452.6
41522,17145,10,990,Market conditions require competitive pricing for this project.,65523.7
36066,17574,30,-1812,This client is new but has potential for growth.,67920.0
31892,12024,25,-747,Strategic importance of this client justifies special pricing.,54148.0
49384,17213,25,8034,Market conditions require competitive pricing for this project.,91280.25
43891,5351,30,891,Strategic importance of this client justifies special pricing.,64905.6
48712,26626,30,3339,This client is new but has potential for growth.,101278.4
38070,17205,15,6742,"The client is a repeat customer, deserving a loyalty discount.",70308.25
35872,9327,10,-5860,"The client is a repeat customer, deserving a loyalty discount.",43858.9
29795,20226,10,-6433,"The client is a repeat customer, deserving a loyalty discount.",48590.1
18090,22843,20,-9504,Strategic importance of this client justifies special pricing.,39615.6
18316,25094,10,5010,"This project includes additional risks, necessitating higher markup.",52761.0
36792,25781,30,-4606,Strategic importance of this client justifies special pricing.,76738.9
36738,16253,25,7496,"The client is a repeat customer, deserving a loyalty discount.",73734.75
38727,11535,25,4515,"The client is a repeat customer, deserving a loyalty discount.",67342.5
42264,16469,20,-7683,Strategic importance of this client justifies special pricing.,62796.6
31582,8201,30,-1291,Strategic importance of this client justifies special pricing.,50426.9
31887,5109,25,4650,"This project includes additional risks, necessitating higher markup.",50895.0
16995,11464,15,5112,"The client is a repeat customer, deserving a loyalty discount.",37839.85
14625,5086,20,-5673,Strategic importance of this client justifies special pricing.,17980.2
31154,9103,10,-4317,Strategic importance of this client justifies special pricing.,39965.7
27665,23813,15,1180,"The client is a repeat customer, deserving a loyalty discount.",60379.7
35400,25916,25,-8908,"The client is a repeat customer, deserving a loyalty discount.",67737.0
20700,29322,25,4626,Market conditions require competitive pricing for this project.,67153.5
47026,19936,20,-3168,"The client is a repeat customer, deserving a loyalty discount.",77186.4
40869,17654,20,-161,This client is new but has potential for growth.,70066.6
26230,20848,30,-6098,This client is new but has potential for growth.,55103.4
23550,8505,25,-5427,"The client is a repeat customer, deserving a loyalty discount.",34641.75
37045,7140,10,4225,"This project includes additional risks, necessitating higher markup.",52828.5
28605,25680,15,-1615,"This project includes additional risks, necessitating higher markup.",60812.75
45375,21087,25,594,"This project includes additional risks, necessitating higher markup.",83671.5
12575,10899,25,-3709,Market conditions require competitive pricing for this project.,25633.5
11412,6049,15,-6761,This client is new but has potential for growth.,13319.15
17143,18877,25,5074,Market conditions require competitive pricing for this project.,50099.0
30194,12414,20,5308,Market conditions require competitive pricing for this project.,56437.6
49585,13333,15,-1049,"This project includes additional risks, necessitating higher markup.",71306.7
39072,13831,30,526,This client is new but has potential for growth.,69299.9
19383,6711,20,-1213,"The client is a repeat customer, deserving a loyalty discount.",30099.8
25429,18045,15,4680,Strategic importance of this client justifies special pricing.,54675.1
16540,12769,25,-6112,Market conditions require competitive pricing for this project.,30524.25
12502,7764,25,-8702,"This project includes additional risks, necessitating higher markup.",16630.5
12893,5377,10,-6325,This client is new but has potential for growth.,13772.0
41549,27223,10,-315,"The client is a repeat customer, deserving a loyalty discount.",75334.2
35309,8809,10,-9751,"This project includes additional risks, necessitating higher markup.",38778.8
11703,22412,30,-2669,Strategic importance of this client justifies special pricing.,41680.5
44214,15003,25,-9868,Market conditions require competitive pricing for this project.,64153.25
40759,26040,15,5328,Market conditions require competitive pricing for this project.,82146.85
38262,17522,15,-4785,Strategic importance of this client justifies special pricing.,59366.6
25240,26467,15,2654,Strategic importance of this client justifies special pricing.,62117.05
24378,27079,30,4333,Market conditions require competitive pricing for this project.,71227.1
15394,16354,15,-7096,"The client is a repeat customer, deserving a loyalty discount.",29414.2
12466,14261,10,6347,This client is new but has potential for growth.,35746.7
25277,6442,20,-1053,Strategic importance of this client justifies special pricing.,37009.8
35048,28617,25,7505,This client is new but has potential for growth.,87086.25
38698,27167,15,-6777,"This project includes additional risks, necessitating higher markup.",68967.75
23931,23199,20,2035,Market conditions require competitive pricing for this project.,58591.0
24947,11426,10,-8950,"This project includes additional risks, necessitating higher markup.",31060.3
12560,19023,15,-2009,"The client is a repeat customer, deserving a loyalty discount.",34311.45
23478,12892,20,2224,"This project includes additional risks, necessitating higher markup.",45868.0
18344,27512,20,-610,This client is new but has potential for growth.,54417.2
49730,11762,25,-8166,Market conditions require competitive pricing for this project.,68699.0
27598,24400,20,7683,"The client is a repeat customer, deserving a loyalty discount.",70080.6
35563,29109,15,6969,Market conditions require competitive pricing for this project.,81341.8
37183,16142,25,-9605,This client is new but has potential for growth.,57051.25
36629,10305,30,1191,Market conditions require competitive pricing for this project.,62205.2
14840,15927,15,-8566,This client is new but has potential for growth.,26816.05
33679,21245,25,-7056,Strategic importance of this client justifies special pricing.,61599.0
13313,11458,30,-1475,This client is new but has potential for growth.,30727.3
42146,9837,25,7348,Strategic importance of this client justifies special pricing.,72326.75
22318,14021,25,-5064,"The client is a repeat customer, deserving a loyalty discount.",40359.75
34519,12925,15,5011,This client is new but has potential for growth.,59571.6
25652,13993,20,1997,"This project includes additional risks, necessitating higher markup.",49571.0
48298,18004,25,-6988,Market conditions require competitive pricing for this project.,75889.5
12275,25224,15,7308,"The client is a repeat customer, deserving a loyalty discount.",50431.85
23530,7167,30,9914,"This project includes additional risks, necessitating higher markup.",49820.1
28053,21323,10,967,Strategic importance of this client justifies special pricing.,55280.6
44204,11264,20,-3562,Strategic importance of this client justifies special pricing.,62999.6
14115,14004,15,-7237,Strategic importance of this client justifies special pricing.,25099.85
47973,26601,20,3850,Strategic importance of this client justifies special pricing.,93338.8
41220,25270,10,3328,Strategic importance of this client justifies special pricing.,76467.0
11953,9824,10,-9491,This client is new but has potential for growth.,14463.7
28867,5605,25,-4451,"This project includes additional risks, necessitating higher markup.",38639.0
44081,9649,10,-5725,Market conditions require competitive pricing for this project.,53378.0
32751,6691,15,4372,Market conditions require competitive pricing for this project.,49730.3
37855,6103,30,-2615,"The client is a repeat customer, deserving a loyalty discount.",54530.4
39819,10106,15,-3928,This client is new but has potential for growth.,53485.75
34318,21163,25,-1244,"The client is a repeat customer, deserving a loyalty discount.",68107.25
29475,17343,10,9979,Market conditions require competitive pricing for this project.,61478.8
13821,8538,25,8500,"The client is a repeat customer, deserving a loyalty discount.",36448.75
29114,23790,10,4729,Market conditions require competitive pricing for this project.,62923.4
24801,12687,15,1406,This client is new but has potential for growth.,44517.2
10038,19989,15,-6026,This client is new but has potential for growth.,28505.05
29581,13653,10,-9386,"This project includes additional risks, necessitating higher markup.",38171.4
24774,22379,20,-7336,Market conditions require competitive pricing for this project.,49247.6
24056,19166,30,2589,This client is new but has potential for growth.,58777.6
33037,5778,25,6023,Market conditions require competitive pricing for this project.,54541.75
29266,8214,25,1880,Strategic importance of this client justifies special pricing.,48730.0
26177,16114,25,5842,Market conditions require competitive pricing for this project.,58705.75
36544,15397,15,-5199,Market conditions require competitive pricing for this project.,54533.15
23305,27406,20,1044,This client is new but has potential for growth.,61897.2
28089,7279,15,1331,Market conditions require competitive pricing for this project.,42004.2
42731,25252,20,-7621,"The client is a repeat customer, deserving a loyalty discount.",73958.6
32678,5149,15,8652,"The client is a repeat customer, deserving a loyalty discount.",52153.05
11769,10928,30,-7442,"This project includes additional risks, necessitating higher markup.",22064.1
19292,9528,25,6543,Market conditions require competitive pricing for this project.,42568.0
40952,26403,15,232,This client is new but has potential for growth.,77690.25
10379,27644,10,-2423,"The client is a repeat customer, deserving a loyalty discount.",39402.3
28646,26335,20,7825,"The client is a repeat customer, deserving a loyalty discount.",73802.2
29800,20842,10,-5451,This client is new but has potential for growth.,50255.2
39914,5755,20,6687,"This project includes additional risks, necessitating higher markup.",61489.8
32807,16727,15,-2731,"This project includes additional risks, necessitating higher markup.",54233.1
26177,29548,10,-856,This client is new but has potential for growth.,60441.5
30619,21692,15,-5057,Strategic importance of this client justifies special pricing.,55100.65
25435,5519,25,-4638,Strategic importance of this client justifies special pricing.,34054.5
36301,18769,15,-4344,Strategic importance of this client justifies special pricing.,58986.5
45519,15683,25,2118,Market conditions require competitive pricing for this project.,78620.5
20704,21164,25,489,"The client is a repeat customer, deserving a loyalty discount.",52824.0
13500,19982,30,-3358,Strategic importance of this client justifies special pricing.,40168.6
34587,14069,25,-4501,This client is new but has potential for growth.,56319.0
17075,17607,10,9089,This client is new but has potential for growth.,47239.2
15916,13884,25,-7333,Market conditions require competitive pricing for this project.,29917.0
21743,13794,30,-1264,"The client is a repeat customer, deserving a loyalty discount.",44934.1
22382,24340,15,-6102,Strategic importance of this client justifies special pricing.,47628.3
36954,11385,20,-9365,Market conditions require competitive pricing for this project.,48641.8
12127,21272,15,-2042,Strategic importance of this client justifies special pricing.,36366.85
47782,16348,20,8629,"This project includes additional risks, necessitating higher markup.",85585.0
27775,11086,25,2043,Market conditions require competitive pricing for this project.,50619.25
27561,19095,25,-2545,Market conditions require competitive pricing for this project.,55775.0
41498,28672,15,5423,Strategic importance of this client justifies special pricing.,86118.5
34102,26355,25,-6730,"The client is a repeat customer, deserving a loyalty discount.",68841.25
33904,20863,10,9815,"This project includes additional risks, necessitating higher markup.",70058.7
36094,15395,25,5391,Strategic importance of this client justifies special pricing.,69752.25
47364,14357,15,6437,Strategic importance of this client justifies special pricing.,77416.15
42672,19767,15,692,Market conditions require competitive pricing for this project.,72496.85
14016,13960,25,-5598,"The client is a repeat customer, deserving a loyalty discount.",29372.0
16186,29061,30,-2058,This client is new but has potential for growth.,56763.1
24776,21654,15,-1280,Market conditions require competitive pricing for this project.,52114.5
42142,11541,15,9839,"The client is a repeat customer, deserving a loyalty discount.",71574.45
10285,25060,30,9908,Strategic importance of this client justifies special pricing.,55856.5
32343,22903,15,-4636,This client is new but has potential for growth.,58896.9
23519,6170,30,-2897,Strategic importance of this client justifies special pricing.,35698.7
15815,10595,30,-5681,Market conditions require competitive pricing for this project.,28652.0
34207,26878,10,-4942,Strategic importance of this client justifies special pricing.,62251.5
39112,23435,10,-736,"This project includes additional risks, necessitating higher markup.",68065.7
39647,29830,15,-3992,Market conditions require competitive pricing for this project.,75906.55
37887,10076,15,-8592,"The client is a repeat customer, deserving a loyalty discount.",46565.45
23903,19192,30,1047,Strategic importance of this client justifies special pricing.,57070.5
44867,15076,25,-2274,This client is new but has potential for growth.,72654.75
13826,15940,20,-7328,"This project includes additional risks, necessitating higher markup.",28391.2
35447,28092,15,-9295,"The client is a repeat customer, deserving a loyalty discount.",63774.85
16936,19712,10,6886,"The client is a repeat customer, deserving a loyalty discount.",47198.8
40749,26250,30,-3589,"The client is a repeat customer, deserving a loyalty discount.",83509.7
21845,7309,15,443,Strategic importance of this client justifies special pricing.,33970.1
14424,22935,20,-4784,Market conditions require competitive pricing for this project.,40046.8
38827,22224,25,-2867,"The client is a repeat customer, deserving a loyalty discount.",73446.75
23846,16591,10,6136,Strategic importance of this client justifies special pricing.,50616.7
17340,22520,10,-2452,"The client is a repeat customer, deserving a loyalty discount.",41394.0
34001,8790,20,-1851,Strategic importance of this client justifies special pricing.,49498.2
14692,11538,15,-372,This client is new but has potential for growth.,29792.5
39237,24759,20,-6996,"This project includes additional risks, necessitating higher markup.",69799.2
47664,19582,20,3490,Strategic importance of this client justifies special pricing.,84185.2
35274,27997,30,-179,"This project includes additional risks, necessitating higher markup.",82073.3
14743,10243,10,2599,"This project includes additional risks, necessitating higher markup.",30083.6
14635,12222,30,7402,"This project includes additional risks, necessitating higher markup.",42316.1
27301,18097,20,6524,"The client is a repeat customer, deserving a loyalty discount.",61001.6
32539,26203,25,-6071,"This project includes additional risks, necessitating higher markup.",67356.5
40851,17292,10,-6192,Strategic importance of this client justifies special pricing.,57765.3
24013,23414,15,2833,Strategic importance of this client justifies special pricing.,57374.05
42805,25523,15,-488,"This project includes additional risks, necessitating higher markup.",78089.2
32577,17947,10,2271,This client is new but has potential for growth.,57847.4
17905,25171,10,-7507,Strategic importance of this client justifies special pricing.,39876.6
45959,21960,30,-4418,Strategic importance of this client justifies special pricing.,83876.7
29308,25445,15,-10,"This project includes additional risks, necessitating higher markup.",62955.95
34889,16271,30,-9630,Market conditions require competitive pricing for this project.,56878.0
21680,14572,20,-7595,Market conditions require competitive pricing for this project.,35907.4
37762,19931,30,650,"This project includes additional risks, necessitating higher markup.",75650.9
31434,11267,20,-7813,"The client is a repeat customer, deserving a loyalty discount.",43428.2
27565,28239,30,-6732,"The client is a repeat customer, deserving a loyalty discount.",65813.2
18809,5961,10,-1221,This client is new but has potential for growth.,26026.0
47889,11385,20,-2244,This client is new but has potential for growth.,68884.8
18586,13708,10,8331,"The client is a repeat customer, deserving a loyalty discount.",43854.4
45136,25870,30,-9382,"The client is a repeat customer, deserving a loyalty discount.",82925.8
44849,11438,20,8478,Market conditions require competitive pricing for this project.,76022.4
23889,6898,10,-9515,"This project includes additional risks, necessitating higher markup.",24350.7
47480,16212,15,7526,"This project includes additional risks, necessitating higher markup.",80771.8
13007,6431,10,-2273,"The client is a repeat customer, deserving a loyalty discount.",19108.8
30818,23238,25,-2690,Strategic importance of this client justifies special pricing.,64880.0
42932,14459,20,-6108,Strategic importance of this client justifies special pricing.,62761.2
14074,14200,10,8531,"The client is a repeat customer, deserving a loyalty discount.",39632.4
28273,29482,15,6627,This client is new but has potential for growth.,73045.25
25269,27459,25,3710,Strategic importance of this client justifies special pricing.,69620.0
23201,27362,20,4171,"This project includes additional risks, necessitating higher markup.",64846.6
37075,17465,10,-6120,"The client is a repeat customer, deserving a loyalty discount.",53874.0
23723,9737,20,-5070,Market conditions require competitive pricing for this project.,35082.0
19650,5174,15,488,This client is new but has potential for growth.,29035.6
32846,6244,15,-7667,"This project includes additional risks, necessitating higher markup.",37286.5
18595,12760,15,-6183,"The client is a repeat customer, deserving a loyalty discount.",29875.25
47772,19681,30,2503,Strategic importance of this client justifies special pricing.,90191.9
35096,16529,15,4986,"The client is a repeat customer, deserving a loyalty discount.",64354.75
17195,7951,20,-8298,This client is new but has potential for growth.,21877.2
26449,19110,30,2015,Market conditions require competitive pricing for this project.,61241.7
10594,11443,20,7397,"The client is a repeat customer, deserving a loyalty discount.",33841.4
26865,25592,30,-5827,"The client is a repeat customer, deserving a loyalty discount.",62367.1
36714,28323,25,-8573,"This project includes additional risks, necessitating higher markup.",72723.25
44891,6619,20,-4067,Market conditions require competitive pricing for this project.,57745.0
27741,20288,15,6227,This client is new but has potential for growth.,61460.35
19926,26125,15,6514,This client is new but has potential for growth.,59472.65
22625,16483,10,6501,Strategic importance of this client justifies special pricing.,49519.8
16420,11838,15,8167,Strategic importance of this client justifies special pricing.,40663.7
43858,12118,10,-7833,This client is new but has potential for growth.,53740.6
46084,6746,10,2163,"The client is a repeat customer, deserving a loyalty discount.",60276.0
16997,7554,30,7749,Strategic importance of this client justifies special pricing.,39665.3
15704,13236,15,-94,This client is new but has potential for growth.,33187.0
40511,19416,10,-9147,"This project includes additional risks, necessitating higher markup.",56772.7
22092,15435,25,8402,"This project includes additional risks, necessitating higher markup.",55310.75
40430,17567,15,-6757,This client is new but has potential for growth.,59939.55
41118,13502,20,-7976,Strategic importance of this client justifies special pricing.,57568.0
17406,12788,25,6441,Market conditions require competitive pricing for this project.,44183.5
24493,19196,10,-8411,"The client is a repeat customer, deserving a loyalty discount.",39646.9
16280,24198,25,5991,Strategic importance of this client justifies special pricing.,56588.5
35429,8858,15,9963,"The client is a repeat customer, deserving a loyalty discount.",60893.05
25400,24772,25,-2884,This client is new but has potential for growth.,59831.0
12306,27171,15,4886,This client is new but has potential for growth.,50284.55
47342,14944,20,5639,Strategic importance of this client justifies special pricing.,80382.2
30988,27886,10,5583,Strategic importance of this client justifies special pricing.,70344.4
48739,12871,10,7740,"This project includes additional risks, necessitating higher markup.",75511.0
32415,6756,30,-9129,Market conditions require competitive pricing for this project.,41793.3
41514,11420,25,8952,"This project includes additional risks, necessitating higher markup.",75119.5
41098,13047,10,-9138,Strategic importance of this client justifies special pricing.,50421.5
45751,28264,20,8321,Strategic importance of this client justifies special pricing.,97139.0
18225,19213,20,2820,Strategic importance of this client justifies special pricing.,47745.6
14930,10657,25,-24,"This project includes additional risks, necessitating higher markup.",31959.75
40508,21291,15,5666,Market conditions require competitive pricing for this project.,76734.85
46700,29439,10,-3854,"This project includes additional risks, necessitating higher markup.",79898.9
14970,25677,15,5575,Strategic importance of this client justifies special pricing.,52319.05
44039,27388,25,-1691,Strategic importance of this client justifies special pricing.,87592.75
19614,11476,20,9719,This client is new but has potential for growth.,47027.0
42708,20152,10,6123,"The client is a repeat customer, deserving a loyalty discount.",75269.0
39288,18704,15,-3790,This client is new but has potential for growth.,62900.8
11997,28443,20,-6959,"The client is a repeat customer, deserving a loyalty discount.",41569.0
45436,27530,30,4988,This client is new but has potential for growth.,99843.8
42161,22367,20,6550,This client is new but has potential for growth.,83983.6
49334,9206,15,1637,Market conditions require competitive pricing for this project.,68958.0
16621,21589,25,-3704,"The client is a repeat customer, deserving a loyalty discount.",44058.5
15769,11464,25,-9093,"This project includes additional risks, necessitating higher markup.",24948.25
20448,17179,20,9222,Market conditions require competitive pricing for this project.,54374.4
45451,26968,25,2060,"The client is a repeat customer, deserving a loyalty discount.",92583.75
43680,18129,10,1055,"This project includes additional risks, necessitating higher markup.",69044.9
43398,28776,15,3337,"The client is a repeat customer, deserving a loyalty discount.",86337.1
46306,25951,15,7443,Market conditions require competitive pricing for this project.,90538.55
44413,26981,30,-2807,"The client is a repeat customer, deserving a loyalty discount.",90005.2
26826,27148,30,-2956,Strategic importance of this client justifies special pricing.,67210.2
42465,9036,10,8193,Strategic importance of this client justifies special pricing.,64844.1
39953,19583,20,8649,Market conditions require competitive pricing for this project.,80092.2
43767,13993,20,9772,"The client is a repeat customer, deserving a loyalty discount.",79084.0
36316,19048,15,2300,"This project includes additional risks, necessitating higher markup.",65968.6
48777,27567,15,-304,Market conditions require competitive pricing for this project.,87491.6
34136,9227,25,7843,Market conditions require competitive pricing for this project.,62046.75
44594,24794,20,-7015,"The client is a repeat customer, deserving a loyalty discount.",76250.6
40119,17520,20,-4354,Strategic importance of this client justifies special pricing.,64812.8
15481,9655,15,-3754,Strategic importance of this client justifies special pricing.,25152.4
36041,12839,25,4646,Strategic importance of this client justifies special pricing.,65746.0
38927,13032,20,7110,"The client is a repeat customer, deserving a loyalty discount.",69460.8
36492,7036,15,7456,This client is new but has potential for growth.,57513.2
12146,16091,20,-8675,This client is new but has potential for growth.,25209.4
35868,24425,10,-223,"This project includes additional risks, necessitating higher markup.",66099.3
42781,28970,25,-6391,Market conditions require competitive pricing for this project.,83297.75
16461,26630,20,7633,Market conditions require competitive pricing for this project.,59342.2
47057,15225,25,-7461,"This project includes additional risks, necessitating higher markup.",70391.5
42712,24203,15,1623,Strategic importance of this client justifies special pricing.,78575.25
14799,16334,20,2455,This client is new but has potential for growth.,39814.6
24401,20470,15,-84,"The client is a repeat customer, deserving a loyalty discount.",51517.65
24820,6842,10,-869,This client is new but has potential for growth.,33959.2
26528,6090,25,4099,Market conditions require competitive pricing for this project.,44871.5
36803,22449,25,-1438,Strategic importance of this client justifies special pricing.,72627.0
28609,17438,15,2065,Strategic importance of this client justifies special pricing.,55019.05
31501,28280,20,-8422,"This project includes additional risks, necessitating higher markup.",63315.2
13622,11508,20,4768,"The client is a repeat customer, deserving a loyalty discount.",34924.0
36266,6504,10,3835,"This project includes additional risks, necessitating higher markup.",50882.0
16567,22889,30,-1885,This client is new but has potential for growth.,49407.8
37354,7405,10,-7497,This client is new but has potential for growth.,41737.9
24227,19286,25,-8430,Strategic importance of this client justifies special pricing.,45961.25
23353,27237,20,8134,"The client is a repeat customer, deserving a loyalty discount.",68842.0
24797,6162,30,3583,This client is new but has potential for growth.,43829.7
40089,27292,25,-6409,Market conditions require competitive pricing for this project.,77817.25
10305,5660,10,-2969,"The client is a repeat customer, deserving a loyalty discount.",14592.5
44528,19779,15,4401,Market conditions require competitive pricing for this project.,78354.05
49818,22269,20,1577,Strategic importance of this client justifies special pricing.,88081.4
29974,22470,25,-5437,This client is new but has potential for growth.,60118.0
42155,20621,10,-7544,"The client is a repeat customer, deserving a loyalty discount.",61509.6
12120,14893,15,2175,"This project includes additional risks, necessitating higher markup.",33239.95
35868,27833,10,4206,"The client is a repeat customer, deserving a loyalty discount.",74277.1
13546,10099,30,4473,Market conditions require competitive pricing for this project.,35211.5
25721,15306,10,1792,Market conditions require competitive pricing for this project.,46921.7
19027,17644,20,3677,Strategic importance of this client justifies special pricing.,47682.2
40489,10778,20,5516,Market conditions require competitive pricing for this project.,67036.4
36827,19129,25,941,This client is new but has potential for growth.,70886.0
16871,9134,15,3232,This client is new but has potential for growth.,33137.75
49947,29641,30,5701,"The client is a repeat customer, deserving a loyalty discount.",109165.4
29862,22949,20,-829,Strategic importance of this client justifies special pricing.,62544.2
33631,19299,20,-8995,Strategic importance of this client justifies special pricing.,54521.0
32347,5275,10,1845,"The client is a repeat customer, deserving a loyalty discount.",43229.2
42280,12006,15,-7320,"This project includes additional risks, necessitating higher markup.",55108.9
32652,27982,25,9141,Market conditions require competitive pricing for this project.,84933.5
41205,25561,15,-2363,"This project includes additional risks, necessitating higher markup.",74417.9
48417,19561,30,-865,Strategic importance of this client justifies special pricing.,87506.4
49095,7110,25,4861,Market conditions require competitive pricing for this project.,75117.25
21659,9152,15,2637,Market conditions require competitive pricing for this project.,38069.65
31474,26718,10,-5957,"This project includes additional risks, necessitating higher markup.",58054.2
13422,16305,25,7572,Market conditions require competitive pricing for this project.,44730.75
27622,22511,15,-9517,Market conditions require competitive pricing for this project.,48135.95
27763,28077,10,-6263,Market conditions require competitive pricing for this project.,55161.0
21747,10431,25,-6357,This client is new but has potential for growth.,33865.5
45650,17066,15,9535,Market conditions require competitive pricing for this project.,81658.4
30760,5581,25,2862,Strategic importance of this client justifies special pricing.,48288.25
36921,9298,10,-3461,Strategic importance of this client justifies special pricing.,47379.9
45587,16155,10,5094,"The client is a repeat customer, deserving a loyalty discount.",73010.2
16469,29259,20,4806,"The client is a repeat customer, deserving a loyalty discount.",59679.6
49043,15953,20,1905,Strategic importance of this client justifies special pricing.,79900.2
20474,10452,20,4045,"The client is a repeat customer, deserving a loyalty discount.",41156.2
10729,6741,30,9797,Market conditions require competitive pricing for this project.,32508.0
15582,29470,20,-9015,"This project includes additional risks, necessitating higher markup.",45047.4
43672,7012,25,-9185,Strategic importance of this client justifies special pricing.,54170.0
31234,20025,20,429,Market conditions require competitive pricing for this project.,61939.8
20709,22148,25,-969,"This project includes additional risks, necessitating higher markup.",52602.25
35177,17376,30,-3074,Market conditions require competitive pricing for this project.,65244.9
36282,6751,25,8331,Market conditions require competitive pricing for this project.,62122.25
11114,28097,25,-6397,Market conditions require competitive pricing for this project.,42616.75
24159,28652,20,-7440,Strategic importance of this client justifies special pricing.,55933.2
30037,11388,20,4557,"The client is a repeat customer, deserving a loyalty discount.",54267.0
20706,29116,15,-1631,This client is new but has potential for growth.,55664.3
16077,27651,15,-9317,Market conditions require competitive pricing for this project.,40970.2
16208,17210,10,262,Strategic importance of this client justifies special pricing.,37021.8
41338,19700,10,4589,Market conditions require competitive pricing for this project.,71730.8
19128,22804,20,9265,Strategic importance of this client justifies special pricing.,59583.4
45109,9437,10,9835,Strategic importance of this client justifies special pricing.,69835.6
30671,24516,20,-3811,"The client is a repeat customer, deserving a loyalty discount.",62413.4
48120,24380,30,-6953,"This project includes additional risks, necessitating higher markup.",87297.0
34478,11418,20,4655,"This project includes additional risks, necessitating higher markup.",59730.2
11703,13331,15,7101,"The client is a repeat customer, deserving a loyalty discount.",35890.1
30538,11218,15,5701,"This project includes additional risks, necessitating higher markup.",53720.4
13505,24217,10,-9210,This client is new but has potential for growth.,32284.2
47547,28909,15,2652,Market conditions require competitive pricing for this project.,90576.4
37487,11795,30,-6304,Strategic importance of this client justifies special pricing.,57762.6
28671,23018,25,-3100,Market conditions require competitive pricing for this project.,61511.25
28922,8378,15,704,Market conditions require competitive pricing for this project.,43599.0
37286,11883,10,6134,This client is new but has potential for growth.,60219.9
35924,11690,20,4410,Market conditions require competitive pricing for this project.,61546.8
33573,23321,15,-1366,"The client is a repeat customer, deserving a loyalty discount.",64062.1
25514,19468,10,8639,"The client is a repeat customer, deserving a loyalty discount.",58119.2
38667,7460,15,5695,"The client is a repeat customer, deserving a loyalty discount.",58741.05
34221,12982,15,1615,"This project includes additional risks, necessitating higher markup.",55898.45
41918,24173,25,8410,"This project includes additional risks, necessitating higher markup.",91023.75
21111,24096,25,-4483,"The client is a repeat customer, deserving a loyalty discount.",52025.75
41721,27364,25,839,Market conditions require competitive pricing for this project.,87195.25
29352,5085,25,5433,Strategic importance of this client justifies special pricing.,48479.25
46208,19420,20,-2894,Market conditions require competitive pricing for this project.,75859.6
17000,29055,30,-3771,Strategic importance of this client justifies special pricing.,56100.5
40680,12083,30,-7069,"The client is a repeat customer, deserving a loyalty discount.",61522.9
27806,12904,15,6571,This client is new but has potential for growth.,53387.5
41841,22356,10,-4332,Market conditions require competitive pricing for this project.,66284.7
14300,16598,10,-4860,Strategic importance of this client justifies special pricing.,29127.8
38516,18328,20,2377,This client is new but has potential for growth.,70589.8
29846,9019,30,8134,"The client is a repeat customer, deserving a loyalty discount.",58658.5
42464,22052,15,7983,This client is new but has potential for growth.,82176.4
37417,29915,10,9931,This client is new but has potential for growth.,83996.2
16775,9381,30,8572,Strategic importance of this client justifies special pricing.,42574.8
25054,15143,20,3700,This client is new but has potential for growth.,51936.4
25591,24900,10,6632,"The client is a repeat customer, deserving a loyalty discount.",62172.1
42656,13894,20,-2640,Strategic importance of this client justifies special pricing.,65220.0
44965,16869,10,3809,"This project includes additional risks, necessitating higher markup.",71826.4
27700,24530,25,-4980,"This project includes additional risks, necessitating higher markup.",60307.5
30256,24042,15,9735,"This project includes additional risks, necessitating higher markup.",72177.7
35753,14197,25,-5814,"The client is a repeat customer, deserving a loyalty discount.",56623.5
15037,21795,10,2653,Strategic importance of this client justifies special pricing.,43168.2
26503,17198,15,-8413,Market conditions require competitive pricing for this project.,41843.15
49194,8113,15,-6113,Strategic importance of this client justifies special pricing.,59790.05
20013,22350,25,-9882,This client is new but has potential for growth.,43071.75
32215,25247,30,6337,This client is new but has potential for growth.,81037.6
32106,15292,10,-3808,"This project includes additional risks, necessitating higher markup.",48329.8
16288,21176,20,-6212,Strategic importance of this client justifies special pricing.,38744.8
46394,27532,10,-4106,Market conditions require competitive pricing for this project.,77212.6
24582,25343,20,8409,"This project includes additional risks, necessitating higher markup.",68319.0
31814,19991,30,-2917,Market conditions require competitive pricing for this project.,64429.5
31141,29625,30,-7807,This client is new but has potential for growth.,71188.8
41722,17841,25,4179,"This project includes additional risks, necessitating higher markup.",78632.75
18378,11245,30,3077,Strategic importance of this client justifies special pricing.,41586.9
29263,6294,25,2339,"The client is a repeat customer, deserving a loyalty discount.",46785.25
42115,15529,30,5575,Strategic importance of this client justifies special pricing.,80512.2
37657,23057,20,-1472,"The client is a repeat customer, deserving a loyalty discount.",71384.8
24622,7495,15,341,Strategic importance of this client justifies special pricing.,37275.55
12241,29912,20,7528,"The client is a repeat customer, deserving a loyalty discount.",58111.6
14548,24804,15,-7420,"This project includes additional risks, necessitating higher markup.",37834.8
27999,24682,30,-7507,This client is new but has potential for growth.,60978.3
26791,6028,15,2720,"This project includes additional risks, necessitating higher markup.",40461.85
39863,6977,20,-8720,Strategic importance of this client justifies special pricing.,47488.0
32905,29796,15,-6753,"This project includes additional risks, necessitating higher markup.",65353.15
21385,25566,30,-3017,Strategic importance of this client justifies special pricing.,58019.3
11864,27469,15,-5591,Market conditions require competitive pricing for this project.,39641.95
32722,18728,10,1773,This client is new but has potential for growth.,58368.0
29198,19343,10,-9057,Market conditions require competitive pricing for this project.,44338.1
19063,18066,15,-7600,"This project includes additional risks, necessitating higher markup.",35098.35
44589,10410,25,-2505,Strategic importance of this client justifies special pricing.,66243.75
35159,16541,15,-9252,"This project includes additional risks, necessitating higher markup.",50203.0
16842,16926,25,8275,"This project includes additional risks, necessitating higher markup.",50485.0
22197,11394,25,-7147,This client is new but has potential for growth.,34841.75
22436,28639,10,-6701,This client is new but has potential for growth.,49481.5
39431,29231,15,-8510,"The client is a repeat customer, deserving a loyalty discount.",70451.3
45879,12693,20,9166,"This project includes additional risks, necessitating higher markup.",79452.4
13359,17522,20,8198,This client is new but has potential for growth.,45255.2
15447,15883,15,-3293,"The client is a repeat customer, deserving a loyalty discount.",32736.5
49218,28488,20,-7537,"This project includes additional risks, necessitating higher markup.",85710.2
30719,20516,25,-6819,"This project includes additional risks, necessitating higher markup.",57224.75
31099,20529,20,4168,Market conditions require competitive pricing for this project.,66121.6
12651,9439,25,-9824,Strategic importance of this client justifies special pricing.,17788.5
18745,16672,25,-3452,Strategic importance of this client justifies special pricing.,40819.25
12223,18383,10,-210,"This project includes additional risks, necessitating higher markup.",33456.6
32362,12072,15,7320,Market conditions require competitive pricing for this project.,58419.1
17362,28457,30,-5716,"This project includes additional risks, necessitating higher markup.",53848.7
25725,29847,20,-8571,Market conditions require competitive pricing for this project.,58115.4
18174,13598,10,3991,Market conditions require competitive pricing for this project.,38940.2
20224,6649,20,-3488,This client is new but has potential for growth.,28759.6
22124,5722,20,-8715,Strategic importance of this client justifies special pricing.,24700.2
22077,25239,30,5234,"This project includes additional risks, necessitating higher markup.",66744.8
17127,22151,30,-9588,"The client is a repeat customer, deserving a loyalty discount.",41473.4
37409,17829,20,8312,This client is new but has potential for growth.,74597.6
32257,15253,30,-4780,This client is new but has potential for growth.,56983.0
37697,14656,30,-4465,"This project includes additional risks, necessitating higher markup.",63593.9
45396,18024,15,-1564,"This project includes additional risks, necessitating higher markup.",71369.0
42390,11121,10,8181,Strategic importance of this client justifies special pricing.,67043.1
49654,13728,30,5738,"This project includes additional risks, necessitating higher markup.",88134.6
30201,26228,25,789,Market conditions require competitive pricing for this project.,71325.25
49611,9817,25,3354,Strategic importance of this client justifies special pricing.,77639.0
18312,6602,30,-2660,This client is new but has potential for growth.,29728.2
10376,7629,15,4015,This client is new but has potential for growth.,24720.75
30263,28687,25,-8170,Market conditions require competitive pricing for this project.,65517.5
42301,12562,15,-6216,"This project includes additional risks, necessitating higher markup.",56876.45
11651,21795,10,5350,This client is new but has potential for growth.,42140.6
43005,21313,30,3004,Strategic importance of this client justifies special pricing.,86617.4
16622,26015,15,-2113,This client is new but has potential for growth.,46919.55
10102,28683,20,9891,Strategic importance of this client justifies special pricing.,56433.0
43051,25362,10,-6241,"This project includes additional risks, necessitating higher markup.",69013.3
45699,6872,10,-1274,Market conditions require competitive pricing for this project.,56554.1
21263,13655,10,-8542,Strategic importance of this client justifies special pricing.,29867.8
27018,28415,10,8108,Market conditions require competitive pricing for this project.,69084.3
30414,11369,20,-7168,"This project includes additional risks, necessitating higher markup.",42971.6
35228,22789,10,6762,Market conditions require competitive pricing for this project.,70580.7
16573,28888,30,-2797,"This project includes additional risks, necessitating higher markup.",56302.3
33073,29893,20,-8231,Strategic importance of this client justifies special pricing.,67328.2
43885,20093,20,3763,Market conditions require competitive pricing for this project.,80536.6
18880,6898,20,-4512,"This project includes additional risks, necessitating higher markup.",26421.6
17319,21888,30,-6204,This client is new but has potential for growth.,44765.1
42376,9093,15,-7211,Strategic importance of this client justifies special pricing.,51978.35
43185,17879,15,3461,Market conditions require competitive pricing for this project.,73684.6
27196,23085,30,8351,Market conditions require competitive pricing for this project.,73716.3
10059,17217,30,-7972,"This project includes additional risks, necessitating higher markup.",27486.8
27285,6787,25,-8860,"The client is a repeat customer, deserving a loyalty discount.",33730.0
49266,5915,30,8210,Strategic importance of this client justifies special pricing.,79945.3
40556,18545,25,-8129,Market conditions require competitive pricing for this project.,65747.25
31319,22364,10,-4808,This client is new but has potential for growth.,54243.3
20163,7000,10,-4009,Market conditions require competitive pricing for this project.,25870.3
20033,25489,10,7349,This client is new but has potential for growth.,57423.2
43456,9315,25,-71,Market conditions require competitive pricing for this project.,65892.75
31262,23723,15,-6396,"This project includes additional risks, necessitating higher markup.",56836.75
39989,8705,30,9595,"The client is a repeat customer, deserving a loyalty discount.",72897.2
26351,6297,25,-9049,"This project includes additional risks, necessitating higher markup.",31761.0
28792,13058,30,-7967,"This project includes additional risks, necessitating higher markup.",46438.0
46373,11486,25,-493,This client is new but has potential for growth.,71830.75
32201,14466,15,-9101,Strategic importance of this client justifies special pricing.,44566.05
29713,11830,30,-4952,"This project includes additional risks, necessitating higher markup.",49053.9
25610,21844,10,-5964,Strategic importance of this client justifies special pricing.,46235.4
14160,5721,20,-6228,Strategic importance of this client justifies special pricing.,17629.2
35231,17748,20,8512,Market conditions require competitive pricing for this project.,72086.8
14636,16059,20,-805,"The client is a repeat customer, deserving a loyalty discount.",36029.0
26837,12270,30,1254,Strategic importance of this client justifies special pricing.,52093.1
43457,20212,25,-5591,"The client is a repeat customer, deserving a loyalty discount.",73995.25
10299,24039,25,3827,Market conditions require competitive pricing for this project.,46749.5
17016,7103,30,-6534,This client is new but has potential for growth.,24820.7
40137,14598,20,-2641,"This project includes additional risks, necessitating higher markup.",63041.0
45535,6222,25,379,"The client is a repeat customer, deserving a loyalty discount.",65075.25
39852,24205,25,85,This client is new but has potential for growth.,80156.25
29770,28996,30,-8478,Market conditions require competitive pricing for this project.,67917.8
34415,22137,20,-5893,"This project includes additional risks, necessitating higher markup.",61969.4
31108,5256,25,-1796,"The client is a repeat customer, deserving a loyalty discount.",43659.0
38325,12189,20,3800,"The client is a repeat customer, deserving a loyalty discount.",64416.8
34158,10480,25,-7787,Market conditions require competitive pricing for this project.,48010.5
25638,7958,10,-8904,"This project includes additional risks, necessitating higher markup.",28051.6
38811,14056,30,9923,"This project includes additional risks, necessitating higher markup.",78650.1
36717,14908,15,-1850,"This project includes additional risks, necessitating higher markup.",57518.75
36510,28863,15,-9886,Strategic importance of this client justifies special pricing.,65292.95
37544,13568,20,6189,Market conditions require competitive pricing for this project.,67523.4
41548,24416,10,-6065,"The client is a repeat customer, deserving a loyalty discount.",66495.4
39666,24954,10,5783,Market conditions require competitive pricing for this project.,76865.0
44995,28890,10,746,"The client is a repeat customer, deserving a loyalty discount.",82019.5
42520,21387,25,2889,Market conditions require competitive pricing for this project.,82772.75
13437,13030,15,-7449,"This project includes additional risks, necessitating higher markup.",22988.05
11122,11174,10,239,This client is new but has potential for growth.,24764.6
21062,8189,10,4364,"This project includes additional risks, necessitating higher markup.",36540.1
34163,13747,10,-5928,Strategic importance of this client justifies special pricing.,46773.0
30897,26051,20,6231,Strategic importance of this client justifies special pricing.,74568.6
26741,28279,20,-7565,"The client is a repeat customer, deserving a loyalty discount.",58459.0
32957,26180,25,-5303,Strategic importance of this client justifies special pricing.,68618.25
34982,9887,25,4223,Market conditions require competitive pricing for this project.,60309.25
35618,25896,30,-1107,Strategic importance of this client justifies special pricing.,78861.2
17682,7875,10,308,"This project includes additional risks, necessitating higher markup.",28420.7
47600,8426,10,2693,This client is new but has potential for growth.,64321.6
26934,16565,30,49,"This project includes additional risks, necessitating higher markup.",56597.7
41967,13642,25,-556,"The client is a repeat customer, deserving a loyalty discount.",68955.25
37353,18594,30,-7150,Strategic importance of this client justifies special pricing.,65581.1
48418,11805,10,8430,This client is new but has potential for growth.,74675.3
22749,6307,20,2432,"The client is a repeat customer, deserving a loyalty discount.",37299.2
32455,5245,10,-9987,This client is new but has potential for growth.,31483.0
45113,5312,25,6558,Strategic importance of this client justifies special pricing.,69589.25
41497,18167,20,-1320,"The client is a repeat customer, deserving a loyalty discount.",70276.8
23127,18328,15,5295,Strategic importance of this client justifies special pricing.,52968.25
44714,19179,30,6630,Strategic importance of this client justifies special pricing.,89690.9
16734,25237,10,-9386,Strategic importance of this client justifies special pricing.,36782.1
13336,23716,10,-4771,This client is new but has potential for growth.,35986.2
36567,5930,20,-433,"This project includes additional risks, necessitating higher markup.",50563.4
40690,22116,30,-245,Strategic importance of this client justifies special pricing.,81402.8
30559,16308,30,2129,"This project includes additional risks, necessitating higher markup.",63056.1
12845,27532,30,-1151,"This project includes additional risks, necessitating higher markup.",51339.1
14655,15540,25,-6960,"This project includes additional risks, necessitating higher markup.",30783.75
48959,12519,15,5182,This client is new but has potential for growth.,75881.7
19975,22310,25,1801,"This project includes additional risks, necessitating higher markup.",54657.25
14033,22486,10,8216,"The client is a repeat customer, deserving a loyalty discount.",48386.9
13303,18494,25,-9942,"The client is a repeat customer, deserving a loyalty discount.",29804.25
35167,27932,25,-5015,"The client is a repeat customer, deserving a loyalty discount.",73858.75
20895,27154,20,-7631,Strategic importance of this client justifies special pricing.,50027.8
42478,11509,25,5796,Strategic importance of this client justifies special pricing.,73279.75
37686,5793,30,-6830,"The client is a repeat customer, deserving a loyalty discount.",49692.7
30970,13047,10,-7286,This client is new but has potential for growth.,41132.7
36739,29694,20,-469,"The client is a repeat customer, deserving a loyalty discount.",79250.6
12036,25082,15,4660,"The client is a repeat customer, deserving a loyalty discount.",47345.7
34630,16953,20,4959,"This project includes additional risks, necessitating higher markup.",66858.6
26838,26520,25,3692,Market conditions require competitive pricing for this project.,70389.5
44477,29681,20,-9026,Strategic importance of this client justifies special pricing.,79963.6
45538,14414,15,7719,"This project includes additional risks, necessitating higher markup.",76663.8
44819,23170,25,-3808,This client is new but has potential for growth.,81178.25
39543,19606,20,3090,This client is new but has potential for growth.,74068.8
38411,9362,25,7668,"The client is a repeat customer, deserving a loyalty discount.",67384.25
18452,6065,25,6243,Market conditions require competitive pricing for this project.,36889.25
47404,8378,20,4222,Strategic importance of this client justifies special pricing.,71160.4
39174,5632,20,7317,"The client is a repeat customer, deserving a loyalty discount.",61084.2
42936,25359,10,-9113,"The client is a repeat customer, deserving a loyalty discount.",66011.5
27120,6976,30,-2465,This client is new but has potential for growth.,41859.8
42281,21232,10,-1313,Market conditions require competitive pricing for this project.,68551.3
11905,20288,15,8717,Market conditions require competitive pricing for this project.,45738.95
32458,17393,15,5161,Strategic importance of this client justifies special pricing.,62489.65
41746,5231,10,3290,Market conditions require competitive pricing for this project.,54964.7
20800,13635,20,-2664,"This project includes additional risks, necessitating higher markup.",38658.0
37667,5308,10,5336,"This project includes additional risks, necessitating higher markup.",52608.5
37816,13083,30,2795,This client is new but has potential for growth.,68963.7
25760,27651,20,4668,Strategic importance of this client justifies special pricing.,68761.2
18518,21474,25,558,Strategic importance of this client justifies special pricing.,50548.0
10954,12947,20,5959,Market conditions require competitive pricing for this project.,34640.2
15848,19685,15,-1855,"This project includes additional risks, necessitating higher markup.",39007.95
18598,26526,10,6536,Market conditions require competitive pricing for this project.,56172.4
29186,28309,30,-312,"The client is a repeat customer, deserving a loyalty discount.",74431.5
38441,15808,20,838,Market conditions require competitive pricing for this project.,65936.8
28091,28891,20,7680,Market conditions require competitive pricing for this project.,76058.4
